,news_id,year,month,day
0,story_reviews_00000,2018.0,12.0,16.0
1,story_reviews_00001,2018.0,12.0,17.0
2,story_reviews_00002,,,
3,story_reviews_00003,2018.0,12.0,13.0
4,story_reviews_00004,,,
5,story_reviews_00005,2018.0,12.0,3.0
6,story_reviews_00006,,,
7,story_reviews_00007,2018.0,11.0,27.0
8,story_reviews_00008,2018.0,11.0,24.0
9,story_reviews_00009,2018.0,11.0,18.0
10,story_reviews_00010,,,
11,story_reviews_00011,2018.0,11.0,16.0
12,story_reviews_00012,2018.0,11.0,14.0
13,story_reviews_00013,2018.0,11.0,12.0
14,story_reviews_00014,,,
15,story_reviews_00015,2018.0,10.0,31.0
16,story_reviews_00016,,,
17,story_reviews_00017,2018.0,10.0,24.0
18,story_reviews_00018,2018.0,10.0,20.0
19,story_reviews_00019,,,
20,story_reviews_00020,,,
21,story_reviews_00021,2018.0,10.0,15.0
22,story_reviews_00022,2018.0,10.0,9.0
23,story_reviews_00023,2018.0,10.0,9.0
24,story_reviews_00025,,,
25,story_reviews_00026,2018.0,9.0,28.0
26,story_reviews_00027,2018.0,9.0,26.0
27,story_reviews_00028,2018.0,9.0,24.0
28,story_reviews_00029,2018.0,9.0,23.0
29,story_reviews_00030,2018.0,9.0,18.0
30,story_reviews_00031,2018.0,9.0,14.0
31,story_reviews_00032,2018.0,9.0,11.0
32,story_reviews_00033,2018.0,9.0,11.0
33,story_reviews_00034,,,
34,story_reviews_00035,2018.0,9.0,2.0
35,story_reviews_00036,2018.0,8.0,29.0
36,story_reviews_00037,,,
37,story_reviews_00038,,,
38,story_reviews_00039,2018.0,8.0,22.0
39,story_reviews_00040,,,
40,story_reviews_00041,2018.0,8.0,14.0
41,story_reviews_00042,,,
42,story_reviews_00043,2018.0,8.0,8.0
43,story_reviews_00044,,,
44,story_reviews_00045,2018.0,8.0,2.0
45,story_reviews_00046,,,
46,story_reviews_00047,2018.0,7.0,24.0
47,story_reviews_00048,,,
48,story_reviews_00049,2018.0,7.0,17.0
49,story_reviews_00050,2018.0,7.0,16.0
50,story_reviews_00051,2018.0,7.0,11.0
51,story_reviews_00052,2018.0,7.0,11.0
52,story_reviews_00053,,,
53,story_reviews_00054,2018.0,7.0,5.0
54,story_reviews_00055,2018.0,6.0,27.0
55,story_reviews_00056,2018.0,6.0,26.0
56,story_reviews_00057,2018.0,6.0,27.0
57,story_reviews_00058,2018.0,6.0,25.0
58,story_reviews_00059,2018.0,6.0,21.0
59,story_reviews_00060,,,
60,story_reviews_00061,2018.0,6.0,19.0
61,story_reviews_00062,2018.0,6.0,12.0
62,story_reviews_00063,,,
63,story_reviews_00064,2018.0,6.0,5.0
64,story_reviews_00065,2018.0,6.0,4.0
65,story_reviews_00066,2018.0,6.0,1.0
66,story_reviews_00067,2018.0,5.0,26.0
67,story_reviews_00068,,,
68,story_reviews_00069,2018.0,5.0,16.0
69,story_reviews_00070,2018.0,5.0,18.0
70,story_reviews_00071,2018.0,5.0,16.0
71,story_reviews_00072,2018.0,5.0,12.0
72,story_reviews_00073,2018.0,5.0,9.0
73,story_reviews_00074,,,
74,story_reviews_00075,,,
75,story_reviews_00076,2018.0,5.0,1.0
76,story_reviews_00077,2018.0,4.0,30.0
77,story_reviews_00078,,,
78,story_reviews_00079,2018.0,4.0,22.0
79,story_reviews_00080,2018.0,4.0,18.0
80,story_reviews_00081,,,
81,story_reviews_00082,2018.0,4.0,16.0
82,story_reviews_00083,,,
83,story_reviews_00084,,,
84,story_reviews_00085,2018.0,4.0,9.0
85,story_reviews_00086,2018.0,4.0,2.0
86,story_reviews_00087,2018.0,4.0,2.0
87,story_reviews_00088,,,
88,story_reviews_00089,2018.0,3.0,28.0
89,story_reviews_00090,2018.0,3.0,26.0
90,story_reviews_00091,2018.0,3.0,22.0
91,story_reviews_00092,2018.0,3.0,20.0
92,story_reviews_00093,2018.0,3.0,19.0
93,story_reviews_00094,,,
94,story_reviews_00095,2018.0,3.0,15.0
95,story_reviews_00096,,,
96,story_reviews_00097,,,
97,story_reviews_00098,2018.0,3.0,12.0
98,story_reviews_00099,2018.0,3.0,7.0
99,story_reviews_00100,2018.0,3.0,5.0
100,story_reviews_00101,2018.0,3.0,5.0
101,story_reviews_00102,2018.0,2.0,27.0
102,story_reviews_00103,2018.0,2.0,23.0
103,story_reviews_00104,2018.0,2.0,20.0
104,story_reviews_00105,2018.0,2.0,22.0
105,story_reviews_00106,2018.0,2.0,19.0
106,story_reviews_00107,2018.0,2.0,14.0
107,story_reviews_00108,,,
108,story_reviews_00109,,,
109,story_reviews_00110,,,
110,story_reviews_00111,,,
111,story_reviews_00112,2018.0,2.0,3.0
112,story_reviews_00113,2018.0,2.0,5.0
113,story_reviews_00114,2018.0,2.0,1.0
114,story_reviews_00115,,,
115,story_reviews_00116,2018.0,1.0,26.0
116,story_reviews_00117,2018.0,1.0,24.0
117,story_reviews_00118,,,
118,story_reviews_00119,2018.0,1.0,22.0
119,story_reviews_00120,2018.0,1.0,18.0
120,story_reviews_00121,2018.0,1.0,12.0
121,story_reviews_00122,,,
122,story_reviews_00123,,,
123,story_reviews_00124,2018.0,1.0,8.0
124,story_reviews_00125,2018.0,1.0,3.0
125,story_reviews_00126,2018.0,1.0,2.0
126,story_reviews_00127,2017.0,12.0,29.0
127,story_reviews_00128,2017.0,12.0,26.0
128,story_reviews_00129,2017.0,12.0,20.0
129,story_reviews_00130,2017.0,12.0,18.0
130,story_reviews_00131,2017.0,12.0,18.0
131,story_reviews_00132,2017.0,12.0,14.0
132,story_reviews_00133,,,
133,story_reviews_00134,2017.0,12.0,6.0
134,story_reviews_00135,2017.0,12.0,7.0
135,story_reviews_00136,,,
136,story_reviews_00137,2017.0,12.0,4.0
137,story_reviews_00138,2017.0,11.0,30.0
138,story_reviews_00139,2017.0,11.0,28.0
139,story_reviews_00140,2017.0,11.0,27.0
140,story_reviews_00141,,,
141,story_reviews_00142,2017.0,11.0,20.0
142,story_reviews_00143,,,
143,story_reviews_00144,2017.0,11.0,14.0
144,story_reviews_00145,2017.0,11.0,10.0
145,story_reviews_00146,,,
146,story_reviews_00147,2017.0,11.0,5.0
147,story_reviews_00148,2017.0,11.0,2.0
148,story_reviews_00149,,,
149,story_reviews_00150,2017.0,10.0,26.0
150,story_reviews_00151,2017.0,10.0,27.0
151,story_reviews_00152,,,
152,story_reviews_00153,,,
153,story_reviews_00154,2017.0,10.0,20.0
154,story_reviews_00155,2017.0,10.0,19.0
155,story_reviews_00156,2017.0,10.0,14.0
156,story_reviews_00157,,,
157,story_reviews_00158,,,
158,story_reviews_00159,,,
159,story_reviews_00160,2017.0,10.0,5.0
160,story_reviews_00162,,,
161,story_reviews_00163,,,
162,story_reviews_00164,2017.0,9.0,28.0
163,story_reviews_00165,2017.0,9.0,26.0
164,story_reviews_00166,2017.0,9.0,25.0
165,story_reviews_00167,2017.0,9.0,22.0
166,story_reviews_00168,2017.0,9.0,19.0
167,story_reviews_00169,2017.0,9.0,20.0
168,story_reviews_00170,,,
169,story_reviews_00171,2017.0,9.0,14.0
170,story_reviews_00172,2017.0,9.0,13.0
171,story_reviews_00173,2017.0,9.0,12.0
172,story_reviews_00174,2017.0,9.0,6.0
173,story_reviews_00175,,,
174,story_reviews_00176,2017.0,9.0,4.0
175,story_reviews_00177,2017.0,9.0,4.0
176,story_reviews_00178,,,
177,story_reviews_00179,2017.0,8.0,26.0
178,story_reviews_00180,,,
179,story_reviews_00181,2017.0,8.0,27.0
180,story_reviews_00182,2017.0,8.0,25.0
181,story_reviews_00183,2017.0,8.0,21.0
182,story_reviews_00184,,,
183,story_reviews_00185,2017.0,8.0,17.0
184,story_reviews_00186,2017.0,8.0,9.0
185,story_reviews_00187,,,
186,story_reviews_00188,2017.0,8.0,8.0
187,story_reviews_00189,2017.0,8.0,7.0
188,story_reviews_00191,,,
189,story_reviews_00192,2017.0,8.0,2.0
190,story_reviews_00193,2017.0,7.0,31.0
191,story_reviews_00194,2017.0,7.0,26.0
192,story_reviews_00195,2017.0,7.0,26.0
193,story_reviews_00196,2017.0,7.0,24.0
194,story_reviews_00197,2017.0,7.0,23.0
195,story_reviews_00198,2017.0,7.0,20.0
196,story_reviews_00199,,,
197,story_reviews_00200,2017.0,7.0,28.0
198,story_reviews_00201,2017.0,7.0,12.0
199,story_reviews_00202,2017.0,7.0,11.0
200,story_reviews_00203,2017.0,7.0,10.0
201,story_reviews_00204,2017.0,7.0,10.0
202,story_reviews_00205,2017.0,7.0,5.0
203,story_reviews_00206,2017.0,7.0,6.0
204,story_reviews_00207,2017.0,7.0,2.0
205,story_reviews_00208,2017.0,7.0,4.0
206,story_reviews_00209,,,
207,story_reviews_00210,,,
208,story_reviews_00211,,,
209,story_reviews_00212,2017.0,6.0,21.0
210,story_reviews_00213,2017.0,6.0,22.0
211,story_reviews_00214,,,
212,story_reviews_00215,,,
213,story_reviews_00216,2017.0,6.0,19.0
214,story_reviews_00217,2017.0,6.0,18.0
215,story_reviews_00218,2017.0,6.0,13.0
216,story_reviews_00219,2017.0,6.0,9.0
217,story_reviews_00220,,,
218,story_reviews_00221,2017.0,6.0,7.0
219,story_reviews_00222,2017.0,6.0,6.0
220,story_reviews_00223,,,
221,story_reviews_00224,2017.0,6.0,5.0
222,story_reviews_00225,2017.0,6.0,4.0
223,story_reviews_00226,2017.0,5.0,26.0
224,story_reviews_00227,2017.0,5.0,24.0
225,story_reviews_00228,2017.0,5.0,24.0
226,story_reviews_00229,2017.0,5.0,23.0
227,story_reviews_00230,,,
228,story_reviews_00231,2017.0,5.0,18.0
229,story_reviews_00232,2017.0,5.0,18.0
230,story_reviews_00233,2017.0,5.0,18.0
231,story_reviews_00234,2017.0,5.0,12.0
232,story_reviews_00235,,,
233,story_reviews_00236,2017.0,5.0,10.0
234,story_reviews_00237,2017.0,5.0,9.0
235,story_reviews_00238,2017.0,5.0,8.0
236,story_reviews_00239,2017.0,5.0,4.0
237,story_reviews_00240,,,
238,story_reviews_00241,2017.0,5.0,1.0
239,story_reviews_00242,2017.0,4.0,29.0
240,story_reviews_00243,2017.0,5.0,1.0
241,story_reviews_00244,,,
242,story_reviews_00245,2017.0,4.0,20.0
243,story_reviews_00246,,,
244,story_reviews_00247,2017.0,4.0,18.0
245,story_reviews_00248,2017.0,4.0,20.0
246,story_reviews_00249,2017.0,4.0,19.0
247,story_reviews_00250,,,
248,story_reviews_00251,2017.0,4.0,12.0
249,story_reviews_00252,2017.0,4.0,13.0
250,story_reviews_00254,2017.0,4.0,10.0
251,story_reviews_00255,,,
252,story_reviews_00256,2015.0,8.0,4.0
253,story_reviews_00257,2017.0,4.0,3.0
254,story_reviews_00258,,,
255,story_reviews_00259,2017.0,4.0,2.0
256,story_reviews_00260,2017.0,3.0,29.0
257,story_reviews_00261,2017.0,3.0,27.0
258,story_reviews_00262,2017.0,3.0,27.0
259,story_reviews_00263,2017.0,3.0,24.0
260,story_reviews_00264,,,
261,story_reviews_00265,2017.0,3.0,18.0
262,story_reviews_00266,2017.0,3.0,20.0
263,story_reviews_00267,2017.0,3.0,16.0
264,story_reviews_00268,2017.0,3.0,16.0
265,story_reviews_00269,2017.0,3.0,11.0
266,story_reviews_00270,2017.0,3.0,8.0
267,story_reviews_00271,,,
268,story_reviews_00272,2017.0,3.0,11.0
269,story_reviews_00273,,,
270,story_reviews_00274,2017.0,3.0,2.0
271,story_reviews_00275,2017.0,3.0,6.0
272,story_reviews_00276,2017.0,2.0,28.0
273,story_reviews_00277,2017.0,2.0,27.0
274,story_reviews_00278,2017.0,2.0,24.0
275,story_reviews_00279,2017.0,2.0,23.0
276,story_reviews_00280,,,
277,story_reviews_00281,,,
278,story_reviews_00282,,,
279,story_reviews_00283,,,
280,story_reviews_00284,,,
281,story_reviews_00285,2017.0,2.0,10.0
282,story_reviews_00286,2017.0,2.0,13.0
283,story_reviews_00287,2017.0,2.0,8.0
284,story_reviews_00288,,,
285,story_reviews_00289,2017.0,2.0,5.0
286,story_reviews_00290,2017.0,2.0,1.0
287,story_reviews_00291,2017.0,2.0,1.0
288,story_reviews_00292,2017.0,2.0,3.0
289,story_reviews_00293,,,
290,story_reviews_00294,2017.0,1.0,28.0
291,story_reviews_00295,2017.0,1.0,25.0
292,story_reviews_00296,,,
293,story_reviews_00297,2017.0,1.0,23.0
294,story_reviews_00298,,,
295,story_reviews_00299,,,
296,story_reviews_00300,,,
297,story_reviews_00301,,,
298,story_reviews_00302,2017.0,1.0,9.0
299,story_reviews_00303,2017.0,1.0,9.0
300,story_reviews_00304,2017.0,1.0,7.0
301,story_reviews_00305,2017.0,1.0,5.0
302,story_reviews_00306,2016.0,12.0,28.0
303,story_reviews_00307,,,
304,story_reviews_00308,2016.0,12.0,28.0
305,story_reviews_00309,,,
306,story_reviews_00310,,,
307,story_reviews_00311,2016.0,12.0,20.0
308,story_reviews_00312,2016.0,12.0,17.0
309,story_reviews_00313,2016.0,12.0,17.0
310,story_reviews_00314,2016.0,12.0,15.0
311,story_reviews_00315,2016.0,12.0,13.0
312,story_reviews_00316,2016.0,12.0,9.0
313,story_reviews_00317,2016.0,12.0,8.0
314,story_reviews_00318,,,
315,story_reviews_00319,2016.0,12.0,7.0
316,story_reviews_00320,,,
317,story_reviews_00321,2016.0,12.0,3.0
318,story_reviews_00322,2016.0,12.0,1.0
319,story_reviews_00323,2016.0,11.0,29.0
320,story_reviews_00324,2016.0,11.0,23.0
321,story_reviews_00325,,,
322,story_reviews_00326,2016.0,11.0,21.0
323,story_reviews_00327,2016.0,11.0,15.0
324,story_reviews_00328,,,
325,story_reviews_00329,2016.0,11.0,13.0
326,story_reviews_00330,,,
327,story_reviews_00331,2016.0,11.0,10.0
328,story_reviews_00332,2016.0,11.0,9.0
329,story_reviews_00333,,,
330,story_reviews_00334,2016.0,11.0,6.0
331,story_reviews_00335,,,
332,story_reviews_00336,2016.0,10.0,26.0
333,story_reviews_00337,2016.0,10.0,26.0
334,story_reviews_00338,2016.0,10.0,25.0
335,story_reviews_00339,,,
336,story_reviews_00340,,,
337,story_reviews_00341,,,
338,story_reviews_00342,,,
339,story_reviews_00343,2016.0,10.0,18.0
340,story_reviews_00344,2016.0,10.0,13.0
341,story_reviews_00345,,,
342,story_reviews_00346,2016.0,10.0,8.0
343,story_reviews_00347,2016.0,10.0,9.0
344,story_reviews_00348,2016.0,10.0,5.0
345,story_reviews_00349,2016.0,9.0,30.0
346,story_reviews_00350,2016.0,10.0,2.0
347,story_reviews_00351,2016.0,10.0,1.0
348,story_reviews_00352,,,
349,story_reviews_00353,2016.0,9.0,26.0
350,story_reviews_00354,,,
351,story_reviews_00355,2016.0,9.0,23.0
352,story_reviews_00356,,,
353,story_reviews_00357,,,
354,story_reviews_00358,,,
355,story_reviews_00359,2016.0,9.0,19.0
356,story_reviews_00360,2016.0,9.0,16.0
357,story_reviews_00361,2016.0,9.0,14.0
358,story_reviews_00362,,,
359,story_reviews_00363,,,
360,story_reviews_00364,,,
361,story_reviews_00365,2016.0,9.0,2.0
362,story_reviews_00366,,,
363,story_reviews_00367,,,
364,story_reviews_00368,2016.0,8.0,31.0
365,story_reviews_00369,2016.0,8.0,29.0
366,story_reviews_00370,2016.0,8.0,28.0
367,story_reviews_00371,2016.0,8.0,29.0
368,story_reviews_00372,2016.0,8.0,24.0
369,story_reviews_00373,2016.0,8.0,22.0
370,story_reviews_00374,2016.0,4.0,25.0
371,story_reviews_00375,,,
372,story_reviews_00376,,,
373,story_reviews_00377,2016.0,8.0,12.0
374,story_reviews_00378,2016.0,8.0,14.0
375,story_reviews_00379,2016.0,8.0,11.0
376,story_reviews_00380,2016.0,8.0,5.0
377,story_reviews_00381,2016.0,8.0,6.0
378,story_reviews_00382,2016.0,8.0,6.0
379,story_reviews_00383,2016.0,8.0,2.0
380,story_reviews_00384,,,
381,story_reviews_00385,2016.0,8.0,1.0
382,story_reviews_00386,2016.0,7.0,27.0
383,story_reviews_00387,2016.0,7.0,26.0
384,story_reviews_00388,2016.0,7.0,25.0
385,story_reviews_00389,2016.0,7.0,24.0
386,story_reviews_00390,,,
387,story_reviews_00391,2016.0,7.0,19.0
388,story_reviews_00392,2016.0,7.0,17.0
389,story_reviews_00393,,,
390,story_reviews_00394,,,
391,story_reviews_00395,,,
392,story_reviews_00396,,,
393,story_reviews_00397,2016.0,7.0,12.0
394,story_reviews_00398,2016.0,7.0,12.0
395,story_reviews_00399,2016.0,7.0,5.0
396,story_reviews_00400,2016.0,7.0,5.0
397,story_reviews_00401,,,
398,story_reviews_00402,2016.0,7.0,1.0
399,story_reviews_00403,2016.0,6.0,29.0
400,story_reviews_00404,2016.0,6.0,28.0
401,story_reviews_00405,,,
402,story_reviews_00406,,,
403,story_reviews_00407,2016.0,6.0,27.0
404,story_reviews_00408,,,
405,story_reviews_00409,,,
406,story_reviews_00410,2016.0,6.0,21.0
407,story_reviews_00411,2016.0,6.0,17.0
408,story_reviews_00412,,,
409,story_reviews_00413,2016.0,6.0,14.0
410,story_reviews_00414,2016.0,6.0,13.0
411,story_reviews_00415,2016.0,6.0,9.0
412,story_reviews_00416,,,
413,story_reviews_00417,,,
414,story_reviews_00418,2016.0,6.0,9.0
415,story_reviews_00419,2016.0,6.0,5.0
416,story_reviews_00420,2016.0,6.0,7.0
417,story_reviews_00421,2016.0,6.0,6.0
418,story_reviews_00422,,,
419,story_reviews_00423,2016.0,6.0,2.0
420,story_reviews_00424,,,
421,story_reviews_00425,2016.0,6.0,1.0
422,story_reviews_00426,,,
423,story_reviews_00427,2016.0,5.0,26.0
424,story_reviews_00428,,,
425,story_reviews_00429,,,
426,story_reviews_00430,,,
427,story_reviews_00431,2016.0,5.0,19.0
428,story_reviews_00432,2016.0,5.0,18.0
429,story_reviews_00433,2016.0,5.0,18.0
430,story_reviews_00434,2016.0,5.0,17.0
431,story_reviews_00435,2016.0,5.0,14.0
432,story_reviews_00436,,,
433,story_reviews_00437,2016.0,5.0,10.0
434,story_reviews_00438,,,
435,story_reviews_00439,2016.0,5.0,9.0
436,story_reviews_00440,2016.0,5.0,10.0
437,story_reviews_00441,,,
438,story_reviews_00442,,,
439,story_reviews_00443,2016.0,5.0,3.0
440,story_reviews_00444,2016.0,5.0,3.0
441,story_reviews_00445,2016.0,4.0,29.0
442,story_reviews_00446,,,
443,story_reviews_00447,2016.0,5.0,6.0
444,story_reviews_00448,,,
445,story_reviews_00449,2016.0,4.0,25.0
446,story_reviews_00450,,,
447,story_reviews_00451,2016.0,4.0,21.0
448,story_reviews_00452,2016.0,4.0,20.0
449,story_reviews_00453,2016.0,4.0,18.0
450,story_reviews_00454,,,
451,story_reviews_00455,,,
452,story_reviews_00456,,,
453,story_reviews_00457,2016.0,4.0,13.0
454,story_reviews_00458,2016.0,4.0,11.0
455,story_reviews_00459,,,
456,story_reviews_00460,2016.0,4.0,11.0
457,story_reviews_00461,,,
458,story_reviews_00462,2016.0,4.0,4.0
459,story_reviews_00463,2016.0,3.0,31.0
460,story_reviews_00464,,,
461,story_reviews_00465,,,
462,story_reviews_00466,2016.0,3.0,22.0
463,story_reviews_00467,2016.0,3.0,21.0
464,story_reviews_00468,,,
465,story_reviews_00469,2016.0,3.0,14.0
466,story_reviews_00470,2016.0,3.0,14.0
467,story_reviews_00471,2016.0,3.0,15.0
468,story_reviews_00472,,,
469,story_reviews_00473,2016.0,3.0,7.0
470,story_reviews_00474,2016.0,3.0,9.0
471,story_reviews_00475,2016.0,2.0,29.0
472,story_reviews_00476,2016.0,2.0,22.0
473,story_reviews_00477,,,
474,story_reviews_00478,,,
475,story_reviews_00479,,,
476,story_reviews_00480,,,
477,story_reviews_00481,2016.0,2.0,14.0
478,story_reviews_00482,,,
479,story_reviews_00483,2016.0,2.0,9.0
480,story_reviews_00484,2016.0,2.0,8.0
481,story_reviews_00485,,,
482,story_reviews_00486,2016.0,2.0,1.0
483,story_reviews_00487,2016.0,2.0,1.0
484,story_reviews_00488,,,
485,story_reviews_00489,2016.0,1.0,25.0
486,story_reviews_00490,2016.0,1.0,20.0
487,story_reviews_00491,2016.0,1.0,19.0
488,story_reviews_00492,,,
489,story_reviews_00493,2016.0,1.0,18.0
490,story_reviews_00494,2016.0,1.0,13.0
491,story_reviews_00495,2016.0,1.0,12.0
492,story_reviews_00496,2016.0,1.0,11.0
493,story_reviews_00497,2016.0,1.0,7.0
494,story_reviews_00498,2016.0,1.0,7.0
495,story_reviews_00499,,,
496,story_reviews_00500,2016.0,1.0,4.0
497,story_reviews_00501,,,
498,story_reviews_00502,2016.0,1.0,4.0
499,story_reviews_00503,2015.0,12.0,21.0
500,story_reviews_00504,2015.0,12.0,14.0
501,story_reviews_00505,,,
502,story_reviews_00506,,,
503,story_reviews_00507,2015.0,12.0,2.0
504,story_reviews_00508,,,
505,story_reviews_00509,2015.0,11.0,29.0
506,story_reviews_00510,,,
507,story_reviews_00511,2015.0,11.0,18.0
508,story_reviews_00512,2015.0,11.0,16.0
509,story_reviews_00513,2015.0,11.0,16.0
510,story_reviews_00514,,,
511,story_reviews_00515,,,
512,story_reviews_00516,2015.0,11.0,10.0
513,story_reviews_00517,,,
514,story_reviews_00518,,,
515,story_reviews_00519,2015.0,11.0,4.0
516,story_reviews_00520,2015.0,11.0,2.0
517,story_reviews_00521,2015.0,10.0,27.0
518,story_reviews_00522,,,
519,story_reviews_00523,2015.0,10.0,26.0
520,story_reviews_00524,2015.0,10.0,26.0
521,story_reviews_00525,,,
522,story_reviews_00526,2015.0,10.0,20.0
523,story_reviews_00527,2015.0,10.0,20.0
524,story_reviews_00528,2015.0,10.0,14.0
525,story_reviews_00529,2015.0,10.0,12.0
526,story_reviews_00530,,,
527,story_reviews_00531,,,
528,story_reviews_00532,2015.0,10.0,7.0
529,story_reviews_00533,2015.0,10.0,6.0
530,story_reviews_00534,2015.0,10.0,3.0
531,story_reviews_00535,2015.0,9.0,29.0
532,story_reviews_00536,,,
533,story_reviews_00537,2015.0,9.0,28.0
534,story_reviews_00538,2015.0,9.0,28.0
535,story_reviews_00539,2015.0,9.0,24.0
536,story_reviews_00540,2015.0,9.0,24.0
537,story_reviews_00541,2015.0,9.0,22.0
538,story_reviews_00542,2015.0,9.0,21.0
539,story_reviews_00543,,,
540,story_reviews_00544,2015.0,9.0,17.0
541,story_reviews_00545,2015.0,9.0,15.0
542,story_reviews_00546,2015.0,9.0,14.0
543,story_reviews_00547,,,
544,story_reviews_00548,2015.0,9.0,11.0
545,story_reviews_00549,2015.0,9.0,10.0
546,story_reviews_00550,2015.0,9.0,10.0
547,story_reviews_00551,2015.0,9.0,9.0
548,story_reviews_00552,,,
549,story_reviews_00553,2015.0,8.0,31.0
550,story_reviews_00554,2015.0,9.0,1.0
551,story_reviews_00555,2015.0,8.0,31.0
552,story_reviews_00556,,,
553,story_reviews_00557,2015.0,8.0,24.0
554,story_reviews_00558,,,
555,story_reviews_00559,2015.0,8.0,17.0
556,story_reviews_00560,,,
557,story_reviews_00561,2015.0,8.0,18.0
558,story_reviews_00562,2015.0,8.0,17.0
559,story_reviews_00563,2015.0,8.0,13.0
560,story_reviews_00564,2015.0,8.0,10.0
561,story_reviews_00565,,,
562,story_reviews_00566,2015.0,8.0,9.0
563,story_reviews_00567,2015.0,8.0,5.0
564,story_reviews_00568,2015.0,8.0,5.0
565,story_reviews_00569,,,
566,story_reviews_00570,2015.0,8.0,3.0
567,story_reviews_00571,,,
568,story_reviews_00572,2015.0,7.0,27.0
569,story_reviews_00573,2015.0,7.0,27.0
570,story_reviews_00574,,,
571,story_reviews_00575,2015.0,7.0,22.0
572,story_reviews_00576,2015.0,7.0,17.0
573,story_reviews_00577,,,
574,story_reviews_00578,,,
575,story_reviews_00579,,,
576,story_reviews_00580,,,
577,story_reviews_00581,2015.0,7.0,14.0
578,story_reviews_00582,2015.0,7.0,15.0
579,story_reviews_00583,,,
580,story_reviews_00584,2015.0,7.0,8.0
581,story_reviews_00585,,,
582,story_reviews_00586,,,
583,story_reviews_00587,2015.0,7.0,4.0
584,story_reviews_00588,2015.0,7.0,6.0
585,story_reviews_00589,2015.0,7.0,1.0
586,story_reviews_00590,2015.0,6.0,29.0
587,story_reviews_00591,,,
588,story_reviews_00592,,,
589,story_reviews_00593,,,
590,story_reviews_00594,2015.0,6.0,30.0
591,story_reviews_00595,2015.0,6.0,24.0
592,story_reviews_00596,,,
593,story_reviews_00597,2015.0,6.0,25.0
594,story_reviews_00598,2015.0,6.0,24.0
595,story_reviews_00599,2015.0,6.0,22.0
596,story_reviews_00600,2015.0,6.0,22.0
597,story_reviews_00601,2015.0,6.0,16.0
598,story_reviews_00602,2015.0,6.0,15.0
599,story_reviews_00603,2015.0,6.0,12.0
600,story_reviews_00604,2015.0,6.0,9.0
601,story_reviews_00605,2015.0,6.0,8.0
602,story_reviews_00606,,,
603,story_reviews_00607,2015.0,6.0,8.0
604,story_reviews_00608,,,
605,story_reviews_00609,2015.0,6.0,2.0
606,story_reviews_00610,,,
607,story_reviews_00611,2015.0,5.0,29.0
608,story_reviews_00612,2015.0,5.0,26.0
609,story_reviews_00613,2015.0,5.0,26.0
610,story_reviews_00614,2015.0,5.0,26.0
611,story_reviews_00615,,,
612,story_reviews_00616,2015.0,5.0,20.0
613,story_reviews_00617,,,
614,story_reviews_00618,2015.0,5.0,17.0
615,story_reviews_00619,,,
616,story_reviews_00620,,,
617,story_reviews_00621,,,
618,story_reviews_00622,2015.0,5.0,11.0
619,story_reviews_00623,,,
620,story_reviews_00624,2015.0,5.0,12.0
621,story_reviews_00625,2015.0,5.0,12.0
622,story_reviews_00626,,,
623,story_reviews_00627,2015.0,5.0,1.0
624,story_reviews_00628,2015.0,5.0,4.0
625,story_reviews_00629,2015.0,4.0,30.0
626,story_reviews_00630,2015.0,4.0,26.0
627,story_reviews_00631,2015.0,5.0,1.0
628,story_reviews_00632,2015.0,4.0,29.0
629,story_reviews_00633,,,
630,story_reviews_00634,,,
631,story_reviews_00635,2015.0,4.0,21.0
632,story_reviews_00636,,,
633,story_reviews_00637,2015.0,4.0,20.0
634,story_reviews_00638,2015.0,4.0,13.0
635,story_reviews_00639,2015.0,4.0,9.0
636,story_reviews_00640,,,
637,story_reviews_00641,2015.0,4.0,3.0
638,story_reviews_00642,2015.0,4.0,3.0
639,story_reviews_00643,2015.0,3.0,31.0
640,story_reviews_00644,,,
641,story_reviews_00645,2015.0,3.0,26.0
642,story_reviews_00646,2015.0,3.0,25.0
643,story_reviews_00647,,,
644,story_reviews_00648,2015.0,3.0,23.0
645,story_reviews_00649,,,
646,story_reviews_00650,2015.0,3.0,23.0
647,story_reviews_00651,2015.0,3.0,22.0
648,story_reviews_00652,,,
649,story_reviews_00654,,,
650,story_reviews_00655,,,
651,story_reviews_00657,2015.0,3.0,16.0
652,story_reviews_00658,2015.0,3.0,14.0
653,story_reviews_00659,2015.0,3.0,11.0
654,story_reviews_00660,2015.0,3.0,6.0
655,story_reviews_00661,2015.0,3.0,9.0
656,story_reviews_00662,2015.0,3.0,9.0
657,story_reviews_00663,2015.0,3.0,9.0
658,story_reviews_00664,2015.0,3.0,2.0
659,story_reviews_00665,2015.0,3.0,2.0
660,story_reviews_00666,,,
661,story_reviews_00667,,,
662,story_reviews_00668,,,
663,story_reviews_00669,2015.0,3.0,2.0
664,story_reviews_00670,,,
665,story_reviews_00671,2015.0,2.0,26.0
666,story_reviews_00672,,,
667,story_reviews_00673,2015.0,2.0,24.0
668,story_reviews_00674,2015.0,2.0,24.0
669,story_reviews_00675,2015.0,2.0,23.0
670,story_reviews_00676,2015.0,2.0,23.0
671,story_reviews_00677,2015.0,2.0,18.0
672,story_reviews_00678,,,
673,story_reviews_00679,2015.0,2.0,18.0
674,story_reviews_00680,2015.0,2.0,18.0
675,story_reviews_00682,,,
676,story_reviews_00683,2015.0,2.0,15.0
677,story_reviews_00684,2015.0,2.0,16.0
678,story_reviews_00685,2015.0,2.0,11.0
679,story_reviews_00686,2015.0,2.0,11.0
680,story_reviews_00687,2015.0,2.0,9.0
681,story_reviews_00688,,,
682,story_reviews_00689,2015.0,2.0,9.0
683,story_reviews_00690,,,
684,story_reviews_00691,2015.0,2.0,6.0
685,story_reviews_00692,2015.0,1.0,13.0
686,story_reviews_00693,,,
687,story_reviews_00694,,,
688,story_reviews_00695,2015.0,2.0,2.0
689,story_reviews_00696,2015.0,2.0,3.0
690,story_reviews_00697,2015.0,2.0,2.0
691,story_reviews_00698,2015.0,1.0,27.0
692,story_reviews_00699,2015.0,1.0,28.0
693,story_reviews_00700,2015.0,1.0,28.0
694,story_reviews_00701,2015.0,1.0,26.0
695,story_reviews_00702,2015.0,1.0,23.0
696,story_reviews_00703,,,
697,story_reviews_00704,2015.0,1.0,23.0
698,story_reviews_00705,2015.0,1.0,26.0
699,story_reviews_00706,,,
700,story_reviews_00707,2015.0,1.0,22.0
701,story_reviews_00708,,,
702,story_reviews_00709,,,
703,story_reviews_00710,,,
704,story_reviews_00712,2015.0,1.0,19.0
705,story_reviews_00713,2015.0,1.0,14.0
706,story_reviews_00714,2015.0,1.0,14.0
707,story_reviews_00715,2015.0,1.0,13.0
708,story_reviews_00716,,,
709,story_reviews_00717,2015.0,1.0,12.0
710,story_reviews_00718,,,
711,story_reviews_00719,2015.0,1.0,8.0
712,story_reviews_00720,2015.0,1.0,7.0
713,story_reviews_00721,,,
714,story_reviews_00722,2015.0,1.0,7.0
715,story_reviews_00723,,,
716,story_reviews_00724,2015.0,1.0,7.0
717,story_reviews_00725,2015.0,1.0,5.0
718,story_reviews_00726,2015.0,1.0,5.0
719,story_reviews_00728,2013.0,5.0,29.0
720,story_reviews_00729,2013.0,5.0,22.0
721,story_reviews_00730,2013.0,5.0,21.0
722,story_reviews_00731,2013.0,5.0,13.0
723,story_reviews_00732,,,
724,story_reviews_00733,2013.0,5.0,8.0
725,story_reviews_00734,,,
726,story_reviews_00735,2013.0,4.0,29.0
727,story_reviews_00736,,,
728,story_reviews_00737,2013.0,4.0,15.0
729,story_reviews_00738,,,
730,story_reviews_00739,2013.0,4.0,8.0
731,story_reviews_00740,,,
732,story_reviews_00741,2013.0,4.0,3.0
733,story_reviews_00742,,,
734,story_reviews_00743,,,
735,story_reviews_00744,2013.0,3.0,25.0
736,story_reviews_00745,2013.0,3.0,25.0
737,story_reviews_00746,2013.0,3.0,19.0
738,story_reviews_00747,2013.0,3.0,7.0
739,story_reviews_00748,,,
740,story_reviews_00749,2013.0,2.0,12.0
741,story_reviews_00750,2013.0,2.0,12.0
742,story_reviews_00751,2013.0,2.0,12.0
743,story_reviews_00752,,,
744,story_reviews_00753,2013.0,2.0,8.0
745,story_reviews_00754,2013.0,2.0,6.0
746,story_reviews_00755,,,
747,story_reviews_00756,2013.0,1.0,28.0
748,story_reviews_00757,,,
749,story_reviews_00758,2013.0,1.0,23.0
750,story_reviews_00759,2013.0,1.0,23.0
751,story_reviews_00760,,,
752,story_reviews_00761,,,
753,story_reviews_00762,2013.0,1.0,14.0
754,story_reviews_00763,2013.0,1.0,15.0
755,story_reviews_00764,,,
756,story_reviews_00765,,,
757,story_reviews_00766,2013.0,1.0,8.0
758,story_reviews_00767,2013.0,1.0,2.0
759,story_reviews_00768,2013.0,1.0,2.0
760,story_reviews_00769,2013.0,1.0,2.0
761,story_reviews_00770,,,
762,story_reviews_00771,,,
763,story_reviews_00772,2012.0,12.0,12.0
764,story_reviews_00773,,,
765,story_reviews_00774,2012.0,12.0,10.0
766,story_reviews_00775,,,
767,story_reviews_00776,2012.0,12.0,5.0
768,story_reviews_00777,,,
769,story_reviews_00778,2012.0,12.0,6.0
770,story_reviews_00779,,,
771,story_reviews_00780,2012.0,12.0,4.0
772,story_reviews_00781,,,
773,story_reviews_00782,2012.0,11.0,29.0
774,story_reviews_00783,2012.0,11.0,30.0
775,story_reviews_00784,,,
776,story_reviews_00785,,,
777,story_reviews_00786,,,
778,story_reviews_00787,2012.0,11.0,15.0
779,story_reviews_00788,2012.0,11.0,18.0
780,story_reviews_00789,,,
781,story_reviews_00790,2012.0,11.0,14.0
782,story_reviews_00791,2012.0,11.0,8.0
783,story_reviews_00792,,,
784,story_reviews_00793,2012.0,11.0,5.0
785,story_reviews_00794,2012.0,11.0,5.0
786,story_reviews_00795,,,
787,story_reviews_00797,2012.0,11.0,4.0
788,story_reviews_00798,2012.0,10.0,29.0
789,story_reviews_00799,,,
790,story_reviews_00800,,,
791,story_reviews_00801,2012.0,10.0,25.0
792,story_reviews_00802,2012.0,10.0,24.0
793,story_reviews_00803,2012.0,10.0,17.0
794,story_reviews_00804,2012.0,10.0,17.0
795,story_reviews_00805,,,
796,story_reviews_00806,2012.0,10.0,15.0
797,story_reviews_00807,,,
798,story_reviews_00808,2012.0,10.0,10.0
799,story_reviews_00809,,,
800,story_reviews_00810,,,
801,story_reviews_00811,,,
802,story_reviews_00812,2012.0,10.0,8.0
803,story_reviews_00813,2012.0,10.0,8.0
804,story_reviews_00814,,,
805,story_reviews_00816,2012.0,10.0,8.0
806,story_reviews_00817,2012.0,10.0,4.0
807,story_reviews_00818,2012.0,10.0,3.0
808,story_reviews_00819,,,
809,story_reviews_00820,,,
810,story_reviews_00821,,,
811,story_reviews_00822,,,
812,story_reviews_00823,2012.0,9.0,27.0
813,story_reviews_00824,,,
814,story_reviews_00825,2012.0,9.0,10.0
815,story_reviews_00826,2012.0,9.0,10.0
816,story_reviews_00827,2012.0,9.0,3.0
817,story_reviews_00828,2012.0,8.0,26.0
818,story_reviews_00830,2012.0,8.0,27.0
819,story_reviews_00831,2012.0,8.0,15.0
820,story_reviews_00832,2012.0,8.0,10.0
821,story_reviews_00833,2012.0,8.0,12.0
822,story_reviews_00834,,,
823,story_reviews_00835,2012.0,8.0,3.0
824,story_reviews_00836,2012.0,8.0,6.0
825,story_reviews_00837,,,
826,story_reviews_00838,2012.0,7.0,30.0
827,story_reviews_00839,2012.0,7.0,30.0
828,story_reviews_00840,2012.0,7.0,30.0
829,story_reviews_00841,,,
830,story_reviews_00842,2012.0,7.0,13.0
831,story_reviews_00843,,,
832,story_reviews_00844,,,
833,story_reviews_00845,2012.0,7.0,9.0
834,story_reviews_00846,,,
835,story_reviews_00847,2012.0,7.0,2.0
836,story_reviews_00848,2012.0,7.0,3.0
837,story_reviews_00849,,,
838,story_reviews_00850,,,
839,story_reviews_00851,,,
840,story_reviews_00852,2012.0,6.0,27.0
841,story_reviews_00853,,,
842,story_reviews_00854,2012.0,6.0,13.0
843,story_reviews_00855,2012.0,6.0,11.0
844,story_reviews_00856,2012.0,6.0,11.0
845,story_reviews_00857,2012.0,6.0,7.0
846,story_reviews_00858,,,
847,story_reviews_00859,2012.0,6.0,5.0
848,story_reviews_00860,2012.0,5.0,31.0
849,story_reviews_00861,2012.0,5.0,29.0
850,story_reviews_00862,,,
851,story_reviews_00863,,,
852,story_reviews_00864,,,
853,story_reviews_00865,,,
854,story_reviews_00866,2012.0,5.0,17.0
855,story_reviews_00867,2012.0,5.0,14.0
856,story_reviews_00868,2012.0,5.0,14.0
857,story_reviews_00869,,,
858,story_reviews_00870,2012.0,5.0,11.0
859,story_reviews_00871,2012.0,5.0,12.0
860,story_reviews_00872,2012.0,5.0,14.0
861,story_reviews_00873,,,
862,story_reviews_00874,,,
863,story_reviews_00875,2012.0,4.0,23.0
864,story_reviews_00876,2012.0,4.0,20.0
865,story_reviews_00877,2012.0,4.0,23.0
866,story_reviews_00878,,,
867,story_reviews_00879,2012.0,4.0,16.0
868,story_reviews_00880,2012.0,4.0,17.0
869,story_reviews_00881,,,
870,story_reviews_00882,2012.0,4.0,12.0
871,story_reviews_00883,2012.0,4.0,9.0
872,story_reviews_00884,2012.0,4.0,9.0
873,story_reviews_00885,2012.0,4.0,2.0
874,story_reviews_00886,,,
875,story_reviews_00887,,,
876,story_reviews_00888,,,
877,story_reviews_00889,2012.0,3.0,29.0
878,story_reviews_00890,,,
879,story_reviews_00891,2012.0,3.0,27.0
880,story_reviews_00892,2012.0,3.0,27.0
881,story_reviews_00893,2012.0,3.0,27.0
882,story_reviews_00894,,,
883,story_reviews_00895,2012.0,3.0,22.0
884,story_reviews_00896,,,
885,story_reviews_00897,2012.0,3.0,19.0
886,story_reviews_00898,2012.0,3.0,15.0
887,story_reviews_00899,2012.0,3.0,12.0
888,story_reviews_00900,,,
889,story_reviews_00901,2012.0,3.0,7.0
890,story_reviews_00902,2012.0,3.0,7.0
891,story_reviews_00903,2012.0,3.0,5.0
892,story_reviews_00904,2012.0,3.0,5.0
893,story_reviews_00905,2012.0,3.0,5.0
894,story_reviews_00906,2012.0,3.0,5.0
895,story_reviews_00907,2012.0,3.0,1.0
896,story_reviews_00908,,,
897,story_reviews_00909,2012.0,2.0,23.0
898,story_reviews_00910,2012.0,2.0,27.0
899,story_reviews_00911,,,
900,story_reviews_00912,,,
901,story_reviews_00913,2012.0,2.0,27.0
902,story_reviews_00914,2012.0,2.0,21.0
903,story_reviews_00915,,,
904,story_reviews_00916,2012.0,2.0,22.0
905,story_reviews_00917,2012.0,2.0,21.0
906,story_reviews_00918,2012.0,8.0,15.0
907,story_reviews_00919,2012.0,2.0,17.0
908,story_reviews_00920,,,
909,story_reviews_00921,,,
910,story_reviews_00922,2012.0,2.0,13.0
911,story_reviews_00923,2012.0,2.0,13.0
912,story_reviews_00924,,,
913,story_reviews_00925,2012.0,2.0,8.0
914,story_reviews_00926,,,
915,story_reviews_00927,,,
916,story_reviews_00928,2012.0,2.0,6.0
917,story_reviews_00929,2012.0,2.0,1.0
918,story_reviews_00931,,,
919,story_reviews_00932,2012.0,1.0,30.0
920,story_reviews_00933,2012.0,1.0,16.0
921,story_reviews_00934,,,
922,story_reviews_00935,,,
923,story_reviews_00936,2012.0,1.0,16.0
924,story_reviews_00937,,,
925,story_reviews_00938,2012.0,1.0,9.0
926,story_reviews_00939,2012.0,1.0,9.0
927,story_reviews_00940,2012.0,1.0,9.0
928,story_reviews_00941,2012.0,1.0,10.0
929,story_reviews_00942,2012.0,1.0,9.0
930,story_reviews_00943,2012.0,6.0,19.0
931,story_reviews_00944,2012.0,1.0,6.0
932,story_reviews_00945,,,
933,story_reviews_00946,,,
934,story_reviews_00947,2012.0,1.0,2.0
935,story_reviews_00948,,,
936,story_reviews_00949,2012.0,1.0,2.0
937,story_reviews_00950,,,
938,story_reviews_00951,,,
939,story_reviews_00952,2011.0,12.0,29.0
940,story_reviews_00953,,,
941,story_reviews_00954,2011.0,12.0,20.0
942,story_reviews_00955,2011.0,12.0,14.0
943,story_reviews_00956,2011.0,12.0,13.0
944,story_reviews_00957,,,
945,story_reviews_00958,2011.0,12.0,11.0
946,story_reviews_00959,,,
947,story_reviews_00960,2011.0,12.0,6.0
948,story_reviews_00961,2011.0,12.0,5.0
949,story_reviews_00962,2011.0,12.0,2.0
950,story_reviews_00963,2011.0,12.0,1.0
951,story_reviews_00964,,,
952,story_reviews_00965,2011.0,11.0,30.0
953,story_reviews_00966,2011.0,11.0,28.0
954,story_reviews_00967,2014.0,3.0,21.0
955,story_reviews_00968,2011.0,11.0,15.0
956,story_reviews_00969,,,
957,story_reviews_00970,2011.0,11.0,14.0
958,story_reviews_00971,,,
959,story_reviews_00972,,,
960,story_reviews_00973,2011.0,11.0,8.0
961,story_reviews_00974,,,
962,story_reviews_00975,2011.0,11.0,2.0
963,story_reviews_00976,2011.0,11.0,3.0
964,story_reviews_00977,,,
965,story_reviews_00978,,,
966,story_reviews_00979,,,
967,story_reviews_00980,2012.0,7.0,12.0
968,story_reviews_00981,,,
969,story_reviews_00982,2011.0,10.0,26.0
970,story_reviews_00983,2011.0,10.0,24.0
971,story_reviews_00984,,,
972,story_reviews_00985,2011.0,10.0,25.0
973,story_reviews_00986,,,
974,story_reviews_00987,,,
975,story_reviews_00989,2011.0,10.0,20.0
976,story_reviews_00990,,,
977,story_reviews_00991,2011.0,10.0,17.0
978,story_reviews_00992,2011.0,10.0,17.0
979,story_reviews_00993,2014.0,3.0,20.0
980,story_reviews_00994,2011.0,10.0,17.0
981,story_reviews_00995,,,
982,story_reviews_00996,2011.0,10.0,10.0
983,story_reviews_00997,2011.0,10.0,10.0
984,story_reviews_00998,,,
985,story_reviews_00999,2011.0,10.0,10.0
986,story_reviews_01000,2011.0,10.0,2.0
987,story_reviews_01001,2011.0,9.0,14.0
988,story_reviews_01002,2011.0,9.0,13.0
989,story_reviews_01003,2011.0,9.0,12.0
990,story_reviews_01004,2011.0,9.0,1.0
991,story_reviews_01005,2011.0,9.0,6.0
992,story_reviews_01006,2011.0,9.0,5.0
993,story_reviews_01007,2011.0,9.0,6.0
994,story_reviews_01008,2011.0,9.0,2.0
995,story_reviews_01009,2011.0,8.0,29.0
996,story_reviews_01011,,,
997,story_reviews_01012,2011.0,8.0,28.0
998,story_reviews_01013,2011.0,8.0,24.0
999,story_reviews_01014,2011.0,8.0,24.0
1000,story_reviews_01015,2011.0,8.0,23.0
1001,story_reviews_01016,2011.0,8.0,22.0
1002,story_reviews_01017,2011.0,8.0,18.0
1003,story_reviews_01018,,,
1004,story_reviews_01019,2011.0,8.0,17.0
1005,story_reviews_01020,,,
1006,story_reviews_01021,2011.0,8.0,17.0
1007,story_reviews_01022,,,
1008,story_reviews_01023,2011.0,8.0,14.0
1009,story_reviews_01024,2011.0,8.0,12.0
1010,story_reviews_01026,2011.0,8.0,10.0
1011,story_reviews_01027,2011.0,8.0,10.0
1012,story_reviews_01028,2011.0,8.0,10.0
1013,story_reviews_01029,2011.0,8.0,9.0
1014,story_reviews_01030,2011.0,8.0,3.0
1015,story_reviews_01031,2011.0,8.0,3.0
1016,story_reviews_01032,2011.0,8.0,3.0
1017,story_reviews_01033,2011.0,8.0,3.0
1018,story_reviews_01034,,,
1019,story_reviews_01035,2011.0,8.0,2.0
1020,story_reviews_01036,,,
1021,story_reviews_01037,2011.0,8.0,1.0
1022,story_reviews_01038,2011.0,8.0,1.0
1023,story_reviews_01039,2011.0,7.0,28.0
1024,story_reviews_01040,2011.0,7.0,27.0
1025,story_reviews_01041,,,
1026,story_reviews_01042,2011.0,7.0,25.0
1027,story_reviews_01043,,,
1028,story_reviews_01044,,,
1029,story_reviews_01045,2011.0,7.0,19.0
1030,story_reviews_01046,2011.0,7.0,18.0
1031,story_reviews_01048,2011.0,7.0,13.0
1032,story_reviews_01049,,,
1033,story_reviews_01050,2011.0,7.0,11.0
1034,story_reviews_01051,,,
1035,story_reviews_01052,2011.0,7.0,11.0
1036,story_reviews_01053,2011.0,5.0,19.0
1037,story_reviews_01054,,,
1038,story_reviews_01055,2011.0,7.0,7.0
1039,story_reviews_01056,,,
1040,story_reviews_01057,2011.0,7.0,6.0
1041,story_reviews_01058,2011.0,7.0,4.0
1042,story_reviews_01059,2011.0,7.0,1.0
1043,story_reviews_01060,2011.0,6.0,28.0
1044,story_reviews_01061,2011.0,6.0,28.0
1045,story_reviews_01062,,,
1046,story_reviews_01063,2011.0,6.0,25.0
1047,story_reviews_01064,2011.0,6.0,16.0
1048,story_reviews_01065,,,
1049,story_reviews_01066,2011.0,6.0,15.0
1050,story_reviews_01067,2011.0,6.0,15.0
1051,story_reviews_01068,,,
1052,story_reviews_01069,2011.0,6.0,13.0
1053,story_reviews_01070,,,
1054,story_reviews_01071,,,
1055,story_reviews_01072,2011.0,6.0,7.0
1056,story_reviews_01073,2011.0,6.0,6.0
1057,story_reviews_01074,2011.0,6.0,6.0
1058,story_reviews_01077,,,
1059,story_reviews_01078,2011.0,6.0,5.0
1060,story_reviews_01079,2011.0,5.0,31.0
1061,story_reviews_01081,2011.0,6.0,1.0
1062,story_reviews_01082,,,
1063,story_reviews_01083,2011.0,5.0,31.0
1064,story_reviews_01084,2011.0,5.0,25.0
1065,story_reviews_01085,,,
1066,story_reviews_01086,2011.0,5.0,23.0
1067,story_reviews_01087,2011.0,5.0,23.0
1068,story_reviews_01088,,,
1069,story_reviews_01089,2011.0,5.0,19.0
1070,story_reviews_01090,,,
1071,story_reviews_01091,2011.0,5.0,16.0
1072,story_reviews_01092,,,
1073,story_reviews_01093,2011.0,5.0,15.0
1074,story_reviews_01094,2011.0,5.0,11.0
1075,story_reviews_01095,,,
1076,story_reviews_01096,2011.0,5.0,11.0
1077,story_reviews_01097,,,
1078,story_reviews_01098,2011.0,5.0,10.0
1079,story_reviews_01099,2011.0,5.0,10.0
1080,story_reviews_01100,2011.0,5.0,9.0
1081,story_reviews_01102,2011.0,5.0,8.0
1082,story_reviews_01103,2011.0,5.0,5.0
1083,story_reviews_01104,2011.0,5.0,4.0
1084,story_reviews_01105,2011.0,5.0,4.0
1085,story_reviews_01107,,,
1086,story_reviews_01108,,,
1087,story_reviews_01109,,,
1088,story_reviews_01111,2011.0,5.0,2.0
1089,story_reviews_01112,,,
1090,story_reviews_01113,2011.0,5.0,2.0
1091,story_reviews_01114,,,
1092,story_reviews_01115,2011.0,4.0,27.0
1093,story_reviews_01116,2011.0,4.0,27.0
1094,story_reviews_01117,2011.0,4.0,26.0
1095,story_reviews_01118,,,
1096,story_reviews_01119,,,
1097,story_reviews_01120,,,
1098,story_reviews_01121,2011.0,4.0,20.0
1099,story_reviews_01122,,,
1100,story_reviews_01123,,,
1101,story_reviews_01124,2011.0,4.0,19.0
1102,story_reviews_01126,2011.0,4.0,18.0
1103,story_reviews_01128,,,
1104,story_reviews_01129,2011.0,4.0,12.0
1105,story_reviews_01130,,,
1106,story_reviews_01131,,,
1107,story_reviews_01132,,,
1108,story_reviews_01133,2011.0,4.0,10.0
1109,story_reviews_01134,,,
1110,story_reviews_01136,2011.0,4.0,6.0
1111,story_reviews_01137,,,
1112,story_reviews_01138,2011.0,4.0,5.0
1113,story_reviews_01139,2011.0,4.0,4.0
1114,story_reviews_01140,2011.0,4.0,5.0
1115,story_reviews_01141,2011.0,4.0,4.0
1116,story_reviews_01143,2011.0,4.0,4.0
1117,story_reviews_01144,2011.0,4.0,3.0
1118,story_reviews_01145,2011.0,4.0,1.0
1119,story_reviews_01146,,,
1120,story_reviews_01147,,,
1121,story_reviews_01149,,,
1122,story_reviews_01150,,,
1123,story_reviews_01151,2011.0,3.0,29.0
1124,story_reviews_01152,,,
1125,story_reviews_01153,2011.0,3.0,28.0
1126,story_reviews_01154,2011.0,3.0,28.0
1127,story_reviews_01155,2011.0,3.0,24.0
1128,story_reviews_01156,2011.0,3.0,24.0
1129,story_reviews_01158,2011.0,3.0,22.0
1130,story_reviews_01159,,,
1131,story_reviews_01160,,,
1132,story_reviews_01161,2011.0,3.0,21.0
1133,story_reviews_01162,2011.0,3.0,18.0
1134,story_reviews_01164,2011.0,3.0,15.0
1135,story_reviews_01165,,,
1136,story_reviews_01167,2011.0,3.0,14.0
1137,story_reviews_01168,2011.0,3.0,14.0
1138,story_reviews_01170,2011.0,3.0,8.0
1139,story_reviews_01171,,,
1140,story_reviews_01172,,,
1141,story_reviews_01173,2011.0,3.0,7.0
1142,story_reviews_01174,2011.0,3.0,7.0
1143,story_reviews_01175,,,
1144,story_reviews_01176,2011.0,3.0,6.0
1145,story_reviews_01177,2011.0,3.0,3.0
1146,story_reviews_01178,2011.0,3.0,3.0
1147,story_reviews_01179,,,
1148,story_reviews_01180,,,
1149,story_reviews_01181,2011.0,2.0,28.0
1150,story_reviews_01182,,,
1151,story_reviews_01183,,,
1152,story_reviews_01184,,,
1153,story_reviews_01185,2011.0,2.0,24.0
1154,story_reviews_01186,2011.0,2.0,23.0
1155,story_reviews_01187,2011.0,2.0,23.0
1156,story_reviews_01188,2011.0,2.0,22.0
1157,story_reviews_01189,,,
1158,story_reviews_01190,2011.0,2.0,22.0
1159,story_reviews_01191,,,
1160,story_reviews_01192,,,
1161,story_reviews_01193,2011.0,2.0,22.0
1162,story_reviews_01195,,,
1163,story_reviews_01196,,,
1164,story_reviews_01197,2011.0,2.0,17.0
1165,story_reviews_01198,,,
1166,story_reviews_01199,2011.0,2.0,15.0
1167,story_reviews_01202,2011.0,2.0,16.0
1168,story_reviews_01203,2011.0,2.0,14.0
1169,story_reviews_01204,,,
1170,story_reviews_01205,2011.0,2.0,14.0
1171,story_reviews_01206,2011.0,2.0,14.0
1172,story_reviews_01207,2011.0,2.0,13.0
1173,story_reviews_01208,2011.0,2.0,10.0
1174,story_reviews_01209,2011.0,2.0,9.0
1175,story_reviews_01210,2011.0,2.0,8.0
1176,story_reviews_01211,,,
1177,story_reviews_01212,2011.0,2.0,8.0
1178,story_reviews_01213,,,
1179,story_reviews_01214,2011.0,2.0,7.0
1180,story_reviews_01215,,,
1181,story_reviews_01216,2011.0,2.0,5.0
1182,story_reviews_01217,,,
1183,story_reviews_01218,2011.0,2.0,3.0
1184,story_reviews_01219,2011.0,2.0,3.0
1185,story_reviews_01220,2011.0,2.0,2.0
1186,story_reviews_01221,,,
1187,story_reviews_01222,2011.0,2.0,1.0
1188,story_reviews_01224,2011.0,1.0,31.0
1189,story_reviews_01225,2011.0,1.0,27.0
1190,story_reviews_01226,2011.0,1.0,27.0
1191,story_reviews_01227,2011.0,1.0,26.0
1192,story_reviews_01228,2012.0,10.0,4.0
1193,story_reviews_01229,2011.0,1.0,25.0
1194,story_reviews_01230,2011.0,1.0,24.0
1195,story_reviews_01231,,,
1196,story_reviews_01232,2011.0,1.0,25.0
1197,story_reviews_01233,2011.0,1.0,22.0
1198,story_reviews_01234,,,
1199,story_reviews_01235,,,
1200,story_reviews_01236,2011.0,1.0,18.0
1201,story_reviews_01237,,,
1202,story_reviews_01238,2011.0,1.0,18.0
1203,story_reviews_01239,,,
1204,story_reviews_01240,,,
1205,story_reviews_01241,2011.0,1.0,15.0
1206,story_reviews_01242,2011.0,1.0,13.0
1207,story_reviews_01243,2011.0,1.0,13.0
1208,story_reviews_01244,,,
1209,story_reviews_01245,,,
1210,story_reviews_01247,2011.0,1.0,11.0
1211,story_reviews_01248,2011.0,1.0,12.0
1212,story_reviews_01249,,,
1213,story_reviews_01250,2011.0,1.0,10.0
1214,story_reviews_01251,2011.0,1.0,10.0
1215,story_reviews_01252,2011.0,1.0,10.0
1216,story_reviews_01254,,,
1217,story_reviews_01255,,,
1218,story_reviews_01256,,,
1219,story_reviews_01257,,,
1220,story_reviews_01258,,,
1221,story_reviews_01259,2011.0,1.0,4.0
1222,story_reviews_01260,2011.0,1.0,4.0
1223,story_reviews_01261,,,
1224,story_reviews_01263,2010.0,12.0,29.0
1225,story_reviews_01265,2010.0,12.0,27.0
1226,story_reviews_01266,2010.0,12.0,22.0
1227,story_reviews_01267,2010.0,12.0,23.0
1228,story_reviews_01268,,,
1229,story_reviews_01269,,,
1230,story_reviews_01270,,,
1231,story_reviews_01271,,,
1232,story_reviews_01272,2010.0,12.0,20.0
1233,story_reviews_01273,,,
1234,story_reviews_01274,2010.0,12.0,21.0
1235,story_reviews_01275,2010.0,12.0,16.0
1236,story_reviews_01276,,,
1237,story_reviews_01277,2010.0,12.0,16.0
1238,story_reviews_01278,,,
1239,story_reviews_01279,,,
1240,story_reviews_01280,2010.0,12.0,13.0
1241,story_reviews_01282,,,
1242,story_reviews_01283,,,
1243,story_reviews_01284,2010.0,12.0,7.0
1244,story_reviews_01286,2010.0,12.0,7.0
1245,story_reviews_01287,2010.0,12.0,7.0
1246,story_reviews_01288,2010.0,12.0,6.0
1247,story_reviews_01289,,,
1248,story_reviews_01290,,,
1249,story_reviews_01291,,,
1250,story_reviews_01292,2010.0,12.0,2.0
1251,story_reviews_01293,2010.0,12.0,2.0
1252,story_reviews_01294,2010.0,12.0,1.0
1253,story_reviews_01296,2010.0,11.0,30.0
1254,story_reviews_01298,,,
1255,story_reviews_01299,,,
1256,story_reviews_01300,2010.0,11.0,30.0
1257,story_reviews_01301,,,
1258,story_reviews_01302,,,
1259,story_reviews_01303,2010.0,11.0,22.0
1260,story_reviews_01304,2010.0,11.0,22.0
1261,story_reviews_01306,2010.0,11.0,22.0
1262,story_reviews_01307,2010.0,11.0,22.0
1263,story_reviews_01308,2010.0,11.0,18.0
1264,story_reviews_01309,2010.0,11.0,17.0
1265,story_reviews_01311,,,
1266,story_reviews_01312,2010.0,11.0,17.0
1267,story_reviews_01314,2010.0,11.0,15.0
1268,story_reviews_01315,,,
1269,story_reviews_01316,,,
1270,story_reviews_01317,2010.0,11.0,15.0
1271,story_reviews_01318,2010.0,11.0,15.0
1272,story_reviews_01319,,,
1273,story_reviews_01320,2010.0,11.0,15.0
1274,story_reviews_01321,2010.0,11.0,9.0
1275,story_reviews_01322,2010.0,11.0,10.0
1276,story_reviews_01323,,,
1277,story_reviews_01324,,,
1278,story_reviews_01325,,,
1279,story_reviews_01326,,,
1280,story_reviews_01327,2010.0,11.0,8.0
1281,story_reviews_01328,2010.0,11.0,5.0
1282,story_reviews_01329,2010.0,11.0,4.0
1283,story_reviews_01330,2010.0,11.0,4.0
1284,story_reviews_01331,2010.0,11.0,5.0
1285,story_reviews_01332,2010.0,11.0,3.0
1286,story_reviews_01333,2010.0,11.0,3.0
1287,story_reviews_01334,,,
1288,story_reviews_01336,2010.0,11.0,2.0
1289,story_reviews_01337,,,
1290,story_reviews_01338,,,
1291,story_reviews_01339,2010.0,10.0,29.0
1292,story_reviews_01340,,,
1293,story_reviews_01341,2010.0,10.0,28.0
1294,story_reviews_01342,2010.0,10.0,28.0
1295,story_reviews_01343,2010.0,10.0,27.0
1296,story_reviews_01344,,,
1297,story_reviews_01346,,,
1298,story_reviews_01347,,,
1299,story_reviews_01348,,,
1300,story_reviews_01349,2010.0,10.0,25.0
1301,story_reviews_01350,2010.0,10.0,25.0
1302,story_reviews_01351,,,
1303,story_reviews_01352,2010.0,10.0,20.0
1304,story_reviews_01353,,,
1305,story_reviews_01354,2010.0,10.0,18.0
1306,story_reviews_01355,2010.0,10.0,18.0
1307,story_reviews_01356,2010.0,10.0,19.0
1308,story_reviews_01357,2010.0,10.0,19.0
1309,story_reviews_01358,,,
1310,story_reviews_01359,,,
1311,story_reviews_01360,2010.0,10.0,15.0
1312,story_reviews_01361,,,
1313,story_reviews_01362,,,
1314,story_reviews_01363,2010.0,10.0,14.0
1315,story_reviews_01365,2010.0,10.0,12.0
1316,story_reviews_01366,,,
1317,story_reviews_01367,2010.0,10.0,12.0
1318,story_reviews_01368,2010.0,10.0,12.0
1319,story_reviews_01369,2010.0,10.0,11.0
1320,story_reviews_01370,2010.0,10.0,11.0
1321,story_reviews_01371,2010.0,10.0,11.0
1322,story_reviews_01372,2010.0,10.0,6.0
1323,story_reviews_01373,2010.0,10.0,7.0
1324,story_reviews_01374,2010.0,10.0,6.0
1325,story_reviews_01375,2010.0,10.0,5.0
1326,story_reviews_01376,,,
1327,story_reviews_01377,2010.0,10.0,5.0
1328,story_reviews_01378,,,
1329,story_reviews_01379,2010.0,10.0,4.0
1330,story_reviews_01380,2010.0,10.0,4.0
1331,story_reviews_01381,2010.0,10.0,1.0
1332,story_reviews_01382,2010.0,9.0,30.0
1333,story_reviews_01383,,,
1334,story_reviews_01384,,,
1335,story_reviews_01385,,,
1336,story_reviews_01386,,,
1337,story_reviews_01387,2010.0,9.0,27.0
1338,story_reviews_01388,2010.0,9.0,27.0
1339,story_reviews_01389,2010.0,9.0,28.0
1340,story_reviews_01390,,,
1341,story_reviews_01391,2010.0,9.0,29.0
1342,story_reviews_01392,,,
1343,story_reviews_01393,2010.0,9.0,27.0
1344,story_reviews_01394,,,
1345,story_reviews_01395,,,
1346,story_reviews_01396,,,
1347,story_reviews_01397,,,
1348,story_reviews_01398,2010.0,9.0,23.0
1349,story_reviews_01399,2010.0,9.0,22.0
1350,story_reviews_01400,2010.0,9.0,23.0
1351,story_reviews_01401,,,
1352,story_reviews_01402,,,
1353,story_reviews_01403,2010.0,9.0,21.0
1354,story_reviews_01405,2010.0,9.0,19.0
1355,story_reviews_01406,,,
1356,story_reviews_01407,,,
1357,story_reviews_01408,,,
1358,story_reviews_01409,2010.0,9.0,17.0
1359,story_reviews_01410,,,
1360,story_reviews_01411,,,
1361,story_reviews_01412,2010.0,9.0,14.0
1362,story_reviews_01413,2010.0,9.0,14.0
1363,story_reviews_01414,2010.0,9.0,10.0
1364,story_reviews_01415,2010.0,9.0,7.0
1365,story_reviews_01416,2010.0,9.0,8.0
1366,story_reviews_01417,2010.0,9.0,8.0
1367,story_reviews_01418,,,
1368,story_reviews_01419,2010.0,9.0,5.0
1369,story_reviews_01420,2010.0,9.0,7.0
1370,story_reviews_01421,,,
1371,story_reviews_01422,2010.0,9.0,8.0
1372,story_reviews_01423,,,
1373,story_reviews_01424,2010.0,9.0,7.0
1374,story_reviews_01425,,,
1375,story_reviews_01426,2010.0,8.0,31.0
1376,story_reviews_01427,,,
1377,story_reviews_01428,2010.0,9.0,1.0
1378,story_reviews_01429,,,
1379,story_reviews_01430,2010.0,9.0,2.0
1380,story_reviews_01431,,,
1381,story_reviews_01432,2010.0,9.0,1.0
1382,story_reviews_01433,2010.0,9.0,2.0
1383,story_reviews_01434,2010.0,8.0,30.0
1384,story_reviews_01435,,,
1385,story_reviews_01436,2010.0,8.0,30.0
1386,story_reviews_01437,2010.0,8.0,30.0
1387,story_reviews_01438,,,
1388,story_reviews_01439,2010.0,8.0,29.0
1389,story_reviews_01440,2010.0,8.0,27.0
1390,story_reviews_01441,2010.0,8.0,26.0
1391,story_reviews_01442,,,
1392,story_reviews_01443,2010.0,8.0,25.0
1393,story_reviews_01444,2010.0,8.0,25.0
1394,story_reviews_01445,,,
1395,story_reviews_01446,,,
1396,story_reviews_01447,,,
1397,story_reviews_01448,,,
1398,story_reviews_01449,2010.0,8.0,23.0
1399,story_reviews_01450,,,
1400,story_reviews_01451,2010.0,8.0,19.0
1401,story_reviews_01452,2010.0,8.0,19.0
1402,story_reviews_01453,,,
1403,story_reviews_01454,,,
1404,story_reviews_01455,2010.0,8.0,19.0
1405,story_reviews_01456,,,
1406,story_reviews_01459,,,
1407,story_reviews_01460,2010.0,8.0,17.0
1408,story_reviews_01461,,,
1409,story_reviews_01462,,,
1410,story_reviews_01463,,,
1411,story_reviews_01464,2010.0,8.0,16.0
1412,story_reviews_01465,2010.0,8.0,16.0
1413,story_reviews_01466,2010.0,8.0,13.0
1414,story_reviews_01467,2010.0,8.0,12.0
1415,story_reviews_01468,2010.0,8.0,10.0
1416,story_reviews_01469,2010.0,8.0,11.0
1417,story_reviews_01471,2010.0,8.0,11.0
1418,story_reviews_01472,,,
1419,story_reviews_01473,2010.0,8.0,9.0
1420,story_reviews_01474,2010.0,8.0,5.0
1421,story_reviews_01475,2010.0,8.0,4.0
1422,story_reviews_01476,2010.0,8.0,4.0
1423,story_reviews_01477,2010.0,8.0,3.0
1424,story_reviews_01478,2010.0,8.0,4.0
1425,story_reviews_01479,2010.0,8.0,3.0
1426,story_reviews_01480,2010.0,8.0,2.0
1427,story_reviews_01481,,,
1428,story_reviews_01482,2010.0,8.0,2.0
1429,story_reviews_01483,2010.0,7.0,29.0
1430,story_reviews_01484,,,
1431,story_reviews_01485,,,
1432,story_reviews_01486,2010.0,7.0,26.0
1433,story_reviews_01487,2010.0,7.0,26.0
1434,story_reviews_01488,2010.0,7.0,26.0
1435,story_reviews_01489,,,
1436,story_reviews_01490,2010.0,7.0,24.0
1437,story_reviews_01491,,,
1438,story_reviews_01492,,,
1439,story_reviews_01493,2010.0,7.0,18.0
1440,story_reviews_01494,,,
1441,story_reviews_01495,2010.0,7.0,18.0
1442,story_reviews_01496,,,
1443,story_reviews_01497,2010.0,7.0,14.0
1444,story_reviews_01498,,,
1445,story_reviews_01499,2010.0,7.0,14.0
1446,story_reviews_01500,,,
1447,story_reviews_01501,2010.0,7.0,13.0
1448,story_reviews_01502,2010.0,7.0,13.0
1449,story_reviews_01503,,,
1450,story_reviews_01504,2010.0,7.0,12.0
1451,story_reviews_01505,,,
1452,story_reviews_01506,2010.0,7.0,13.0
1453,story_reviews_01507,2010.0,7.0,12.0
1454,story_reviews_01508,,,
1455,story_reviews_01509,,,
1456,story_reviews_01510,2010.0,7.0,8.0
1457,story_reviews_01511,2010.0,7.0,7.0
1458,story_reviews_01512,,,
1459,story_reviews_01513,2010.0,7.0,5.0
1460,story_reviews_01514,,,
1461,story_reviews_01515,2010.0,6.0,30.0
1462,story_reviews_01516,2010.0,6.0,29.0
1463,story_reviews_01517,,,
1464,story_reviews_01518,,,
1465,story_reviews_01519,2010.0,6.0,28.0
1466,story_reviews_01520,2010.0,6.0,28.0
1467,story_reviews_01521,,,
1468,story_reviews_01522,2010.0,6.0,27.0
1469,story_reviews_01523,2010.0,6.0,24.0
1470,story_reviews_01524,,,
1471,story_reviews_01525,,,
1472,story_reviews_01526,2010.0,6.0,22.0
1473,story_reviews_01527,2010.0,6.0,22.0
1474,story_reviews_01528,2010.0,6.0,22.0
1475,story_reviews_01529,2010.0,6.0,21.0
1476,story_reviews_01531,2010.0,6.0,15.0
1477,story_reviews_01532,2010.0,6.0,16.0
1478,story_reviews_01533,2010.0,6.0,16.0
1479,story_reviews_01534,2010.0,6.0,15.0
1480,story_reviews_01536,,,
1481,story_reviews_01537,,,
1482,story_reviews_01538,2010.0,6.0,9.0
1483,story_reviews_01539,2010.0,6.0,9.0
1484,story_reviews_01540,2010.0,6.0,7.0
1485,story_reviews_01541,2010.0,6.0,7.0
1486,story_reviews_01542,,,
1487,story_reviews_01543,2010.0,6.0,2.0
1488,story_reviews_01544,,,
1489,story_reviews_01546,2010.0,6.0,2.0
1490,story_reviews_01547,,,
1491,story_reviews_01548,2010.0,5.0,28.0
1492,story_reviews_01549,2010.0,5.0,27.0
1493,story_reviews_01550,,,
1494,story_reviews_01551,,,
1495,story_reviews_01552,2010.0,5.0,26.0
1496,story_reviews_01553,2010.0,5.0,24.0
1497,story_reviews_01554,2010.0,5.0,22.0
1498,story_reviews_01555,2010.0,5.0,20.0
1499,story_reviews_01556,2010.0,5.0,20.0
1500,story_reviews_01557,,,
1501,story_reviews_01558,2010.0,5.0,18.0
1502,story_reviews_01559,2010.0,5.0,19.0
1503,story_reviews_01560,2010.0,5.0,12.0
1504,story_reviews_01561,2010.0,5.0,13.0
1505,story_reviews_01562,2010.0,5.0,12.0
1506,story_reviews_01563,2010.0,5.0,13.0
1507,story_reviews_01564,2010.0,5.0,13.0
1508,story_reviews_01565,2010.0,5.0,4.0
1509,story_reviews_01566,,,
1510,story_reviews_01567,,,
1511,story_reviews_01568,,,
1512,story_reviews_01569,2010.0,5.0,4.0
1513,story_reviews_01570,,,
1514,story_reviews_01571,2010.0,4.0,30.0
1515,story_reviews_01572,,,
1516,story_reviews_01573,2010.0,4.0,28.0
1517,story_reviews_01574,2010.0,4.0,28.0
1518,story_reviews_01575,,,
1519,story_reviews_01577,,,
1520,story_reviews_01578,,,
1521,story_reviews_01579,,,
1522,story_reviews_01580,2010.0,4.0,21.0
1523,story_reviews_01581,,,
1524,story_reviews_01582,2010.0,4.0,20.0
1525,story_reviews_01583,,,
1526,story_reviews_01584,,,
1527,story_reviews_01585,2010.0,4.0,15.0
1528,story_reviews_01586,2010.0,4.0,14.0
1529,story_reviews_01587,2010.0,4.0,13.0
1530,story_reviews_01588,2010.0,4.0,13.0
1531,story_reviews_01589,,,
1532,story_reviews_01590,,,
1533,story_reviews_01591,2010.0,4.0,5.0
1534,story_reviews_01592,,,
1535,story_reviews_01593,,,
1536,story_reviews_01594,,,
1537,story_reviews_01595,,,
1538,story_reviews_01596,2010.0,4.0,8.0
1539,story_reviews_01597,2010.0,4.0,5.0
1540,story_reviews_01598,,,
1541,story_reviews_01599,2010.0,4.0,1.0
1542,story_reviews_01600,,,
1543,story_reviews_01601,2010.0,3.0,31.0
1544,story_reviews_01602,,,
1545,story_reviews_01603,,,
1546,story_reviews_01604,,,
1547,story_reviews_01606,2010.0,3.0,23.0
1548,story_reviews_01607,,,
1549,story_reviews_01608,,,
1550,story_reviews_01609,,,
1551,story_reviews_01610,,,
1552,story_reviews_01611,2010.0,3.0,21.0
1553,story_reviews_01612,,,
1554,story_reviews_01613,2010.0,3.0,16.0
1555,story_reviews_01614,2010.0,3.0,15.0
1556,story_reviews_01615,2010.0,3.0,16.0
1557,story_reviews_01616,,,
1558,story_reviews_01617,2010.0,3.0,15.0
1559,story_reviews_01618,,,
1560,story_reviews_01619,2010.0,3.0,11.0
1561,story_reviews_01620,,,
1562,story_reviews_01621,2010.0,3.0,8.0
1563,story_reviews_01622,,,
1564,story_reviews_01623,2010.0,3.0,3.0
1565,story_reviews_01624,2010.0,3.0,4.0
1566,story_reviews_01625,2010.0,3.0,3.0
1567,story_reviews_01626,2010.0,3.0,1.0
1568,story_reviews_01627,,,
1569,story_reviews_01628,2010.0,2.0,27.0
1570,story_reviews_01630,,,
1571,story_reviews_01631,,,
1572,story_reviews_01632,,,
1573,story_reviews_01633,,,
1574,story_reviews_01634,2010.0,2.0,23.0
1575,story_reviews_01635,2010.0,2.0,22.0
1576,story_reviews_01636,,,
1577,story_reviews_01637,,,
1578,story_reviews_01638,2010.0,2.0,15.0
1579,story_reviews_01639,2010.0,2.0,15.0
1580,story_reviews_01640,,,
1581,story_reviews_01641,,,
1582,story_reviews_01642,2010.0,2.0,9.0
1583,story_reviews_01643,,,
1584,story_reviews_01644,2010.0,2.0,5.0
1585,story_reviews_01645,2010.0,2.0,4.0
1586,story_reviews_01646,2010.0,2.0,5.0
1587,story_reviews_01647,2010.0,2.0,4.0
1588,story_reviews_01648,2010.0,2.0,4.0
1589,story_reviews_01649,,,
1590,story_reviews_01650,2014.0,3.0,7.0
1591,story_reviews_01651,2014.0,3.0,7.0
1592,story_reviews_01652,2010.0,2.0,2.0
1593,story_reviews_01653,2010.0,2.0,1.0
1594,story_reviews_01654,,,
1595,story_reviews_01655,,,
1596,story_reviews_01656,,,
1597,story_reviews_01657,2010.0,1.0,28.0
1598,story_reviews_01658,2010.0,1.0,27.0
1599,story_reviews_01659,2010.0,1.0,27.0
1600,story_reviews_01660,2010.0,1.0,27.0
1601,story_reviews_01661,,,
1602,story_reviews_01662,2010.0,1.0,25.0
1603,story_reviews_01663,,,
1604,story_reviews_01665,,,
1605,story_reviews_01666,,,
1606,story_reviews_01667,,,
1607,story_reviews_01668,2010.0,1.0,18.0
1608,story_reviews_01669,2010.0,1.0,13.0
1609,story_reviews_01670,2010.0,1.0,13.0
1610,story_reviews_01671,,,
1611,story_reviews_01672,2010.0,1.0,11.0
1612,story_reviews_01673,2010.0,1.0,12.0
1613,story_reviews_01674,,,
1614,story_reviews_01675,2010.0,1.0,12.0
1615,story_reviews_01676,,,
1616,story_reviews_01677,,,
1617,story_reviews_01678,2010.0,1.0,6.0
1618,story_reviews_01679,2010.0,1.0,7.0
1619,story_reviews_01680,,,
1620,story_reviews_01681,,,
1621,story_reviews_01682,,,
1622,story_reviews_01683,2009.0,12.0,30.0
1623,story_reviews_01684,2009.0,12.0,29.0
1624,story_reviews_01685,,,
1625,story_reviews_01686,2014.0,9.0,17.0
1626,story_reviews_01687,2009.0,12.0,21.0
1627,story_reviews_01688,2009.0,12.0,22.0
1628,story_reviews_01689,2009.0,12.0,21.0
1629,story_reviews_01690,,,
1630,story_reviews_01691,,,
1631,story_reviews_01692,,,
1632,story_reviews_01693,2009.0,12.0,15.0
1633,story_reviews_01694,2009.0,12.0,15.0
1634,story_reviews_01695,2009.0,12.0,15.0
1635,story_reviews_01697,2009.0,12.0,14.0
1636,story_reviews_01698,,,
1637,story_reviews_01699,2009.0,12.0,10.0
